TP,FP,FN,TN,Recall,Precision,F-Measure,Specificity,RAND,NMI
15056,1,4653,3104040,0.76391496,0.99993359,0.86613358,0.99999968,0.99851012,0.88902181
