TP,FP,FN,TN,Recall,Precision,F-Measure,Specificity,RAND,NMI
8071,29,2839,3112811,0.73978002,0.99641975,0.84913204,0.99999068,0.99908187,0.82257835
