TP,FP,FN,TN,Recall,Precision,F-Measure,Specificity,RAND,NMI
3264,595,1106,3121285,0.74691076,0.84581498,0.79329202,0.99980941,0.9994559,0.88667706
