TP,FP,FN,TN,Recall,Precision,F-Measure,Specificity,RAND,NMI
15090,1,4619,3104040,0.76564006,0.99993374,0.86724138,0.99999968,0.99852101,0.89037861
